category,name,frames,harm60,harm80,span_st,crest,zero_crossings
Analog,TERRA BROWNOUT,128,424,774,24.54,2.7,2.5
Analog,TERRA DIVIDER,128,434,556,16.26,2.98,82.3
Analog,TERRA JUNO CHORUS,128,216,412,32.01,2.37,23.5
Analog,TERRA LADDER,128,186,302,43.23,2.68,40.2
Analog,TERRA PWM DUO,128,237,386,26.97,2.28,16.1
Analog,TERRA SUPERSAW,128,297,415,56.75,2.29,26.3
Analog,TERRA SYNC LEAD,128,801,849,32.73,2.09,8.6
Analog,TERRA TAPE WOW,128,195,249,42.84,2.68,25.0
Analog,TERRA TRI CORE,128,185,347,25.45,2.36,1.9
Analog,TERRA VARISHAPE,128,575,734,25.79,1.82,1.4
Analog,TERRA VCO DRIFT,128,391,614,20.14,2.54,39.8
Analog,TERRA VCO SICK,128,783,1007,56.52,2.32,114.3
Basic Shapes,TERRA COUNT,128,21,21,65.15,2.47,23.0
Basic Shapes,TERRA DRAWBAR,128,16,99,37.77,2.48,10.0
Basic Shapes,TERRA PULSE SWEEP,128,684,986,40.77,2.63,53.0
Basic Shapes,TERRA RECTIFY,128,19,59,13.17,1.74,2.6
Basic Shapes,TERRA SAW STEPS,128,288,306,37.8,2.48,37.6
Basic Shapes,TERRA SINE BLOOM,128,195,622,25.98,1.74,12.3
Basic Shapes,TERRA STAIRS,128,252,603,19.13,1.4,3.4
Basic Shapes,TERRA TILT,128,208,323,83.46,2.02,34.8
Basic Shapes,TERRA TRI STEEL,128,86,241,20.13,1.71,6.3
Basic Shapes,TERRA UPSHIFT,128,361,561,16.72,3.29,35.5
Chaos,TERRA BIFURCATE,128,431,579,86.65,3.07,978.4
Chaos,TERRA BITFLIP,128,255,1023,71.49,2.3,56.9
Chaos,TERRA CHIRIKOV,128,448,701,102.19,3.01,572.5
Chaos,TERRA DEVIL,128,516,579,60.86,2.83,261.8
Chaos,TERRA DIFFUSE,128,464,904,70.15,6.45,363.4
Chaos,TERRA GRAYCODE,128,395,785,65.52,2.39,136.9
Chaos,TERRA HENON,128,786,1022,55.71,2.87,102.0
Chaos,TERRA PIDIGITS,128,860,1022,66.11,3.06,140.6
Chaos,TERRA PRIMEGAP,128,484,887,94.03,2.73,176.1
Chaos,TERRA RULE30,128,550,552,67.77,3.42,316.9
Chaos,TERRA SHATTER,128,950,1023,57.39,3.28,236.7
Chaos,TERRA SIERPINSKI,128,351,398,92.13,2.42,131.4
Chaos,TERRA TENT,128,474,612,90.23,5.94,14.4
Chaos,TERRA XORFOLD,128,193,230,79.52,2.5,139.6
Cinematic,TERRA ASH FALL,128,536,602,94.57,2.95,219.7
Cinematic,TERRA BREATH,128,733,882,36.74,3.47,724.5
Cinematic,TERRA CATHEDRAL,128,417,683,40.01,2.81,46.5
Cinematic,TERRA CHORAL DAWN,128,211,412,52.14,3.23,33.4
Cinematic,TERRA EMBER,128,514,610,91.73,3.09,209.6
Cinematic,TERRA GLASS EDGE,128,347,675,51.94,2.84,123.8
Cinematic,TERRA HORIZON,128,592,701,83.0,3.16,274.3
Cinematic,TERRA NEBULA,128,689,924,36.8,3.46,103.4
Cinematic,TERRA SHIMMER LADDER,128,157,158,42.12,3.06,68.5
Cinematic,TERRA TIDE,128,234,282,75.57,2.47,65.0
Digital,TERRA BIT LADDER,128,472,718,86.81,1.57,145.2
Digital,TERRA BRANCH Y,128,153,159,82.15,1.86,236.8
Digital,TERRA CHEBY STACK,128,157,171,74.97,3.02,146.7
Digital,TERRA CZ RESO,128,849,1023,61.22,3.13,104.8
Digital,TERRA DOUBLE FB,128,471,575,81.61,1.65,97.0
Digital,TERRA FEEDBACK SAW,128,389,474,68.44,1.51,40.3
Digital,TERRA OVERLOAD,128,574,629,104.28,1.64,208.4
Digital,TERRA PD PULSE,128,282,402,90.42,9.69,2.4
Digital,TERRA PRIME COMB,128,457,488,89.04,1.41,482.2
Digital,TERRA SINE BOMB,128,148,152,91.29,1.42,170.1
Digital,TERRA STACK THREE,128,305,355,89.96,1.41,153.4
Digital,TERRA THIRTEEN,128,350,381,102.87,1.42,331.6
Digital,TERRA WARP FOLD,128,464,648,61.63,1.7,25.0
Digital,TERRA XOR DUST,128,845,1015,56.28,2.43,62.2
Harmonic,TERRA BLADE CULL,128,149,156,73.19,2.46,47.8
Harmonic,TERRA BLADE RISE,128,122,133,95.24,2.37,75.0
Harmonic,TERRA BLADE SPLAY,128,150,151,37.21,2.96,142.2
Harmonic,TERRA BRONZE RISE,128,59,62,111.94,2.94,658.6
Harmonic,TERRA BRONZE TIDE,128,95,99,95.35,3.26,752.5
Harmonic,TERRA CHANT RISE,128,135,137,91.7,2.78,118.9
Harmonic,TERRA CHANT TERRACE,128,238,238,47.86,3.13,110.1
Harmonic,TERRA HORNET CULL,128,32,32,69.97,2.68,50.7
Harmonic,TERRA HORNET RISE,128,89,90,105.29,2.63,141.0
Harmonic,TERRA NEON RISE,128,136,149,65.88,2.4,23.7
Metallic,TERRA BELL ARRAY,128,194,280,49.34,2.6,37.3
Metallic,TERRA CLUSTER FORGE,128,387,393,45.37,3.0,167.7
Metallic,TERRA GOLDEN CLANG,128,165,165,60.61,3.07,96.5
Metallic,TERRA GONG WASH,128,459,572,60.91,3.11,121.1
Metallic,TERRA HAMMER MILL,128,458,539,76.0,3.18,309.8
Metallic,TERRA IRON LUNG,128,729,825,24.85,3.14,235.9
Metallic,TERRA PIPE RESONANT,128,721,945,52.87,2.96,117.3
Metallic,TERRA RINGMOD ANVIL,128,298,318,33.08,3.3,94.3
Metallic,TERRA SHEET RATTLE,128,691,822,77.13,3.32,309.7
Metallic,TERRA SPRING TENSION,128,262,302,52.4,2.84,103.8
Metallic,TERRA STIFF BAR,128,265,267,38.61,3.19,111.3
Metallic,TERRA TURBINE,128,479,675,70.53,2.9,146.2
Physical,TERRA BARS GLASS,128,202,399,31.74,2.3,13.7
Physical,TERRA BARS WOOD,128,106,399,20.59,1.97,6.2
Physical,TERRA BELLS GONG,128,202,399,24.45,2.57,12.7
Physical,TERRA BRASS BLARE,128,398,399,18.5,2.69,31.7
Physical,TERRA FLUTE BREATH,128,399,399,27.9,2.73,97.2
Physical,TERRA GRAND STRIKE,128,35,54,19.67,2.49,14.3
Physical,TERRA PLUCK NAIL,128,101,144,28.16,2.67,34.1
Physical,TERRA REED BITE,128,358,386,21.4,2.09,19.0
Physical,TERRA SKIN DRUM,128,64,398,7.67,2.22,4.8
Physical,TERRA SKIN TENSION,128,85,399,4.35,2.22,7.1
Spectral,TERRA BIT MASK,128,637,904,93.37,2.82,190.7
Spectral,TERRA COMB WALK,128,729,946,80.09,3.06,316.3
Spectral,TERRA DUST,128,146,234,94.56,2.77,93.9
Spectral,TERRA FIBONACCI,128,396,701,100.8,2.97,326.8
Spectral,TERRA FRACTAL SHELF,128,884,1015,87.74,3.19,346.9
Spectral,TERRA HINGE,128,568,1023,110.74,2.63,968.8
Spectral,TERRA HOLES,128,804,958,94.1,3.02,313.8
Spectral,TERRA ODD ROTATE,128,811,993,88.49,3.03,275.0
Spectral,TERRA PRIME WINDOW,128,519,576,94.97,2.71,331.9
Spectral,TERRA SHEAR,128,995,1023,61.01,3.4,569.7
Spectral,TERRA SIERPINSKI,128,1023,1023,68.04,3.38,669.2
Spectral,TERRA SIEVE,128,350,561,69.71,3.13,222.8
Spectral,TERRA TILT ARC,128,586,649,116.69,2.63,608.6
Spectral,TERRA ZIPPER,128,583,862,90.76,2.65,172.5
Vocal,TERRA CHOIR,128,573,934,51.16,2.79,106.3
Vocal,TERRA CLOUD,128,626,671,32.93,3.14,324.9
Vocal,TERRA COMB DRIFT,128,693,860,41.06,3.18,139.8
Vocal,TERRA CONSONANT,128,471,545,38.5,2.98,152.2
Vocal,TERRA DENSITY,128,690,892,29.42,2.54,66.9
Vocal,TERRA GROWL,128,526,777,54.34,2.82,126.2
Vocal,TERRA HISS CHORD,128,602,797,52.88,2.8,92.2
Vocal,TERRA NASAL,128,247,407,42.16,2.56,37.0
Vocal,TERRA POLLEN,128,315,334,48.63,3.29,282.3
Vocal,TERRA SANDSTORM,128,582,625,90.51,3.18,473.0
Vocal,TERRA SHATTER,128,677,758,48.83,3.12,131.7
Vocal,TERRA THROAT,128,235,639,37.45,2.11,15.6
Vocal,TERRA TONE NOISE,128,467,884,67.67,2.92,158.0
Vocal,TERRA VOX MASK,128,198,301,41.68,2.9,48.1
